{"cameraMode":{"drawMode":0,"name":"Shaded","section":"Shading Mode"},"sceneLighting":true,"audioPlay":false,"sceneViewState":{"showFog":true,"showMaterialUpdate":false,"showSkybox":false,"showFlares":true,"showImageEffects":true,"showParticleSystems":true},"in2DMode":false,"pivot":{"x":0.0,"y":1.7976001501083375,"z":-0.07399988174438477},"rotation":{"x":-0.27501070499420168,"y":-0.2909182012081146,"z":0.0877126082777977,"w":-0.912229061126709},"size":1.0320377349853516,"orthographic":false}