{"cameraMode":{"drawMode":0,"name":"Shaded","section":"Shading Mode"},"sceneLighting":true,"audioPlay":false,"sceneViewState":{"showFog":true,"showMaterialUpdate":false,"showSkybox":true,"showFlares":true,"showImageEffects":true,"showParticleSystems":true},"in2DMode":false,"pivot":{"x":-1.7112584114074708,"y":0.367000013589859,"z":-0.8326785564422607},"rotation":{"x":0.18432071805000306,"y":0.01326825562864542,"z":-0.002488481579348445,"w":0.9827734231948853},"size":7.893981456756592,"orthographic":true}