{"cameraMode":{"drawMode":0,"name":"Shaded","section":"Shading Mode"},"sceneLighting":true,"audioPlay":false,"sceneViewState":{"showFog":true,"showMaterialUpdate":false,"showSkybox":true,"showFlares":true,"showImageEffects":true,"showParticleSystems":true},"in2DMode":false,"pivot":{"x":-8.461362838745118,"y":-2.056978225708008,"z":-8.240434646606446},"rotation":{"x":-0.32668107748031618,"y":-0.2598232626914978,"z":0.09389171749353409,"w":-0.9038794040679932},"size":11.99722957611084,"orthographic":false}