{"cameraMode":{"drawMode":0,"name":"Shaded","section":"Shading Mode"},"sceneLighting":true,"audioPlay":false,"sceneViewState":{"showFog":true,"showMaterialUpdate":false,"showSkybox":true,"showFlares":true,"showImageEffects":true,"showParticleSystems":true},"in2DMode":false,"pivot":{"x":-7.840296745300293,"y":2.755871295928955,"z":1.8799223899841309},"rotation":{"x":-0.3369840085506439,"y":0.02315332554280758,"z":-0.008299398235976696,"w":-0.9412211775779724},"size":8.715470314025879,"orthographic":false}