{"cameraMode":{"drawMode":0,"name":"Shaded","section":"Shading Mode"},"sceneLighting":true,"audioPlay":false,"sceneViewState":{"showFog":true,"showMaterialUpdate":false,"showSkybox":false,"showFlares":true,"showImageEffects":true,"showParticleSystems":true},"in2DMode":false,"pivot":{"x":16.29853057861328,"y":-119.87130737304688,"z":80.33821868896485},"rotation":{"x":0.4373159408569336,"y":0.0957479327917099,"z":-0.0468900166451931,"w":0.8929732441902161},"size":96.84459686279297,"orthographic":false}