{"cameraMode":{"drawMode":1,"name":"Wireframe","section":"Shading Mode"},"sceneLighting":true,"audioPlay":false,"sceneViewState":{"showFog":true,"showMaterialUpdate":false,"showSkybox":false,"showFlares":true,"showImageEffects":true,"showParticleSystems":true},"in2DMode":false,"pivot":{"x":9.756139755249024,"y":6.679244041442871,"z":1.8712278604507447},"rotation":{"x":-0.254433274269104,"y":0.7014161944389343,"z":-0.2959742248058319,"w":-0.5969639420509338},"size":1.25095796585083,"orthographic":false}