{"cameraMode":{"drawMode":0,"name":"Shaded","section":"Shading Mode"},"sceneLighting":true,"audioPlay":false,"sceneViewState":{"showFog":true,"showMaterialUpdate":false,"showSkybox":false,"showFlares":true,"showImageEffects":true,"showParticleSystems":true},"in2DMode":false,"pivot":{"x":10.684688568115235,"y":-13.784744262695313,"z":-4.745095252990723},"rotation":{"x":-0.6241170763969421,"y":0.11109904199838638,"z":-0.0863439217209816,"w":-0.7690697908401489},"size":10.0,"orthographic":false}