{"cameraMode":{"drawMode":0,"name":"Shaded","section":"Shading Mode"},"sceneLighting":true,"audioPlay":false,"sceneViewState":{"showFog":true,"showMaterialUpdate":false,"showSkybox":true,"showFlares":true,"showImageEffects":true,"showParticleSystems":true},"in2DMode":false,"pivot":{"x":1.542667031288147,"y":0.6274736523628235,"z":1.451714277267456},"rotation":{"x":-0.018314801156520845,"y":-0.9708649516105652,"z":0.07881246507167816,"w":-0.22558778524398805},"size":0.7627921104431152,"orthographic":false}