{"cameraMode":{"drawMode":1,"name":"Wireframe","section":"Shading Mode"},"sceneLighting":true,"audioPlay":false,"sceneViewState":{"showFog":true,"showMaterialUpdate":false,"showSkybox":false,"showFlares":true,"showImageEffects":true,"showParticleSystems":true},"in2DMode":false,"pivot":{"x":0.014802472665905953,"y":28.553388595581056,"z":-12.918227195739746},"rotation":{"x":-0.4947969913482666,"y":0.037024881690740588,"z":-0.01868356578052044,"w":-0.8684128522872925},"size":0.3235939145088196,"orthographic":false}