{"cameraMode":{"drawMode":0,"name":"Shaded","section":"Shading Mode"},"sceneLighting":true,"audioPlay":false,"sceneViewState":{"showFog":true,"showMaterialUpdate":false,"showSkybox":true,"showFlares":true,"showImageEffects":true,"showParticleSystems":true},"in2DMode":false,"pivot":{"x":2.928088665008545,"y":1.0952047109603882,"z":0.8141371607780457},"rotation":{"x":-0.2350894957780838,"y":-0.32587817311286929,"z":0.08402441442012787,"w":-0.9119141101837158},"size":2.7280051708221437,"orthographic":false}