{"cameraMode":{"drawMode":0,"name":"Shaded","section":"Shading Mode"},"sceneLighting":true,"audioPlay":false,"sceneViewState":{"showFog":true,"showMaterialUpdate":false,"showSkybox":true,"showFlares":true,"showImageEffects":true,"showParticleSystems":true},"in2DMode":false,"pivot":{"x":-2.1946370601654054,"y":-0.233184814453125,"z":-0.2526702880859375},"rotation":{"x":-0.30007630586624148,"y":0.016306959092617036,"z":-0.005138449836522341,"w":-0.9537939429283142},"size":12.668746948242188,"orthographic":false}