{"cameraMode":{"drawMode":0,"name":"Shaded","section":"Shading Mode"},"sceneLighting":true,"audioPlay":false,"sceneViewState":{"showFog":true,"showMaterialUpdate":false,"showSkybox":false,"showFlares":true,"showImageEffects":true,"showParticleSystems":true},"in2DMode":false,"pivot":{"x":0.47939610481262209,"y":-11.677543640136719,"z":2.456237316131592},"rotation":{"x":-0.6241170763969421,"y":0.11109904199838638,"z":-0.0863439217209816,"w":-0.7690697908401489},"size":25.177581787109376,"orthographic":false}