{"cameraMode":{"drawMode":0,"name":"Shaded","section":"Shading Mode"},"sceneLighting":false,"audioPlay":false,"sceneViewState":{"showFog":true,"showMaterialUpdate":false,"showSkybox":false,"showFlares":true,"showImageEffects":true,"showParticleSystems":true},"in2DMode":false,"pivot":{"x":-5.752999782562256,"y":0.6557914018630981,"z":3.990999937057495},"rotation":{"x":-0.3369840085506439,"y":0.02315332554280758,"z":-0.008299398235976696,"w":-0.9412211775779724},"size":24124.083984375,"orthographic":false}