{"cameraMode":{"drawMode":0,"name":"Shaded","section":"Shading Mode"},"sceneLighting":true,"audioPlay":false,"sceneViewState":{"showFog":true,"showMaterialUpdate":false,"showSkybox":false,"showFlares":true,"showImageEffects":true,"showParticleSystems":true},"in2DMode":false,"pivot":{"x":-0.002260775538161397,"y":0.530348539352417,"z":1.5748257637023926},"rotation":{"x":-0.7973244786262512,"y":-0.0024133233819156887,"z":0.0030666019301861526,"w":-0.6036018133163452},"size":2.712827444076538,"orthographic":false}